SampleId	crt_76[K]	crt_72-76[CVMNK]	dhfr_51[N]	dhfr_59[C]	dhfr_108[S]	dhfr_164[I]	dhps_437[G]	dhps_540[K]	dhps_581[A]	dhps_613[A]	k13_class	k13_alleles	cn_mdr1	cn_pm2	cn_gch1	breakpoint_mdr1	breakpoint_pm2	breakpoint_gch1																																																																																																																																																				
PF1009-C	T	-----	I	R	N	I	G	K	A	A																																																																																																																																																												
PF1010-C	T	-----	I	R	N	I	G	K	A	A																																																																																																																																																												
PF1011-C	T	-----	I	R	N	I	G	K	A	A																																																																																																																																																												
PF1012-C	T	-----	I	C	N	I	G	K	A	A																																																																																																																																																												
PF1013-C	K	CVMNK	I	R	N	I	G	K	A	A																																																																																																																																																												
PF1014-C	T	-----	I	R	N	I	G	K	A	A																																																																																																																																																												
PF1015-C	K	CVMNK	I	R	N	I	G	K	A	A																																																																																																																																																												
PF1016-C	K	CVMNK	I	R	N	I	G	K	A	A																																																																																																																																																												
PF1017-C	[T/K]	-----	I	R	N	I	G	K	A	A																																																																																																																																																												
PF1018-C	K	CVMNK	I	R	N	I	G	K	A	A																																																																																																																																																												
PF1019-C	K	CVMNK	I	R	N	I	G	K	A	A																																																																																																																																																												
PF1020-C	K	CVMNK	I	R	N	I	G	K	A	A																																																																																																																																																												
PF1021-C	K	CVMNK	I	R	N	I	G	E	A	A																																																																																																																																																												
PF1022-C	[T/K]	-----	[I/N]	R	N	I	[A/G]	K	A	[A/S]																																																																																																																																																												
PF1023-C	T	-----	I	R	N	I	G	K	A	A																																																																																																																																																												
PF1024-C	K	CVMNK	I	R	N	I	G	K	A	A																																																																																																																																																												
PF1025-C	K	CVMNK	I	R	N	I	G	K	A	A																																																																																																																																																												
PF1026-C	T	-----	I	R	N	I	G	K	G	S																																																																																																																																																												
PF1027-C	K	CVMNK	I	R	N	I	G	K	A	A																																																																																																																																																												
PF1028-C	K	CVMNK	I	R	N	I	G	K	A	A																																																																																																																																																												
PF1029-C	T	-----	I	R	N	I	G	K	A	A																																																																																																																																																												
PF1030-C	K	CVMNK	[I/N]	R	N	I	G	K	A	A																																																																																																																																																												
PF1031-C	T	-----	I	R	N	I	G	K	A	A																																																																																																																																																												
PF1032-C	T	-----	N	R	N	I	G	K	A	A																																																																																																																																																												
PF1033-C	T	-----	I	R	N	I	G	K	A	A																																																																																																																																																												
PF1034-C	K	CVMNK	I	R	N	I	G	K	A	A																																																																																																																																																												
PF1035-C	K	CVMNK	I	R	N	I	G	K	A	A																																																																																																																																																												
PF1036-C	K	CVMNK	I	R	N	I	G	K	A	A																																																																																																																																																												
PF1037-C	K	CVMNK	I	R	N	I	G	K	A	A																																																																																																																																																												
PF1038-C	K	CVMNK	I	R	N	I	G	[K/E]	A	A																																																																																																																																																												
PF1039-C	K	CVMNK	I	R	N	I	G	K	A	A																																																																																																																																																												
PF1040-C	K	CVMNK	I	R	N	I	G	K	A	[S/A]																																																																																																																																																												
PF1041-C	K	CVMNK	I	R	N	I	G	K	A	A																																																																																																																																																												
PF1042-C	T	-----	N	R	N	I	G	K	A	A																																																																																																																																																												
PF1043-C	[T/K]	-----	I	R	N	I	G	K	A	A																																																																																																																																																												
PF1044-C	K	CVMNK	I	R	N	I	A	K	A	A																																																																																																																																																												
PF1045-C	K	CVMNK	I	R	N	I	G	K	A	A																																																																																																																																																												
PF1046-C	[T/K]	-----	N	C	S	I	G	K	A	A																																																																																																																																																												
PF1047-C	K	CVMNK	N	R	N	I	G	K	A	A																																																																																																																																																												
PF1048-C	T	-----	I	R	N	I	G	K	A	A																																																																																																																																																												
PF1049-C	T	-----	I	R	N	I	G	K	A	A																																																																																																																																																												
PF1050-C	K	CVMNK	I	R	N	I	G	K	A	A																																																																																																																																																												
PF1051-C	T	-----	I	R	N	I	G	K	A	A																																																																																																																																																												
PF1052-C	K	CVMNK	I	R	N	I	G	K	A	A																																																																																																																																																												
PF1053-C	K	CVMNK	N	R	N	I	G	K	A	A																																																																																																																																																												
PF1054-C	K	CVMNK	I	R	N	I	G	K	A	A																																																																																																																																																												
PF1055-C	T	-----	N	R	N	I	G	K	A	A																																																																																																																																																												
PF1056-C	K	CVMNK	I	R	N	I	G	K	A	A																																																																																																																																																												
PF1057-C	[K/T]	CV[M/I][N/E][T/K]	[N/I]	R	N	I	G	K	A	A																																																																																																																																																												
PF1058-C	K	CVMNK	I	R	N	I	G	K	A	A																																																																																																																																																												
PF1059-C	T	-----	I	R	N	I	G	E	A	A																																																																																																																																																												
PF1060-C	K	CVMNK	I	R	N	I	G	K	A	A																																																																																																																																																												
PF1061-C	T	-----	I	R	N	I	G	K	A	A																																																																																																																																																												
PF1062-C	K	CVMNK	I	R	N	I	G	K	A	A																																																																																																																																																												
PF1063-C	K	CVMNK	I	R	N	I	G	K	A	A																																																																																																																																																												
PF1064-C	K	CVMNK	I	R	N	I	G	K	A	A																																																																																																																																																												
PF1065-C	K	CVMNK	I	R	N	I	[A/G]	K	A	A																																																																																																																																																												
PF1067-C	K	CVMNK	I	R	N	I	G	K	A	A																																																																																																																																																												
PF1068-C	K	CVMNK	I	[C/R]	N	I	G	K	A	A																																																																																																																																																												
PF1069-C	K	CVMNK	I	R	N	I	G	K	A	A																																																																																																																																																												
PF1070-C	K	CVMNK	[I/N]	[R/C]	N	I	G	K	A	A																																																																																																																																																												
PF1071-C	T	-----	I	R	N	I	G	K	A	A																																																																																																																																																												
PF1072-C	K	CVMNK	N	R	N	I	G	K	A	A																																																																																																																																																												
PF1073-C	T	-----	I	R	N	I	G	K	A	A																																																																																																																																																												
PF1075-C	K	CVMNK	I	R	N	I	G	K	A	A																																																																																																																																																												
PF1076-C	K	CVMNK	I	R	N	I	G	K	A	A																																																																																																																																																												
PF1077-C	K	CVMNK	I	R	N	I	G	K	A	A																																																																																																																																																												
PF1078-C	K	CVMNK	I	C	N	I	G	K	A	A																																																																																																																																																												
PF1079-C	K	CVMNK	I	R	N	I	G	K	A	A																																																																																																																																																												
PF1080-C	[T/K]	-----	[I/N]	R	N	I	G	K	A	A																																																																																																																																																												
PF1081-C	K	CVMNK	I	R	N	I	G	K	A	A																																																																																																																																																												
PF1082-C	T	-----	N	R	N	I	G	K	A	A																																																																																																																																																												
PF1083-C	K	CVMNK	I	R	N	I	G	K	A	A																																																																																																																																																												
PF1084-C	T	-----	I	R	N	I	G	K	A	A																																																																																																																																																												
PF1085-C	K	CVMNK	I	R	N	I	G	K	A	A																																																																																																																																																												
PF1086-C	K	CVMNK	I	R	N	I	G	K	A	A																																																																																																																																																												
PF1087-C	K	CVMNK	[N/I]	R	N	I	G	K	A	A																																																																																																																																																												
PF1088-C	K	CVMNK	I	R	N	I	G	K	A	A																																																																																																																																																												
PF1089-C	K	CVMNK	N	R	N	I	G	K	A	A																																																																																																																																																												
PF1090-C	[T/K]	-----	[N/I]	R	N	I	G	K	A	A																																																																																																																																																												
PF1091-C	K	CVMNK	I	R	N	I	G	K	A	A																																																																																																																																																												
PF1092-C	K	CVMNK	I	R	N	I	G	K	A	A																																																																																																																																																												
PF1094-C	[K/T]	CV[M/I][N/E][T/K]	I	R	N	I	G	K	A	A																																																																																																																																																												
PF1095-C	[T/K]	-----	I	R	N	I	G	[K/E]	A	A																																																																																																																																																												
PF1096-C	[T/K]	-----	I	R	N	I	G	K	A	A																																																																																																																																																												
PF1097-C	T	-----	I	R	N	I	G	K	A	A																																																																																																																																																												
PF1098-C	K	CVMNK	I	R	N	I	G	K	A	A																																																																																																																																																												
PF1099-C	T	-----	I	R	N	I	G	K	A	A																																																																																																																																																												
PF1100-C	K	CVMNK	I	R	N	I	G	K	A	A																																																																																																																																																												
PF1101-C	K	CVMNK	I	R	N	I	G	K	A	A																																																																																																																																																												
PF1102-C	K	CVMNK	I	R	N	I	G	K	A	A																																																																																																																																																												
PF1103-C	[T/K]	-----	I	R	N	I	G	K	A	A																																																																																																																																																												
PF1104-C	[T/K]	-----	I	R	N	I	G	K	A	A																																																																																																																																																												
PF1105-C	T	-----	I	R	N	I	G	K	A	A																																																																																																																																																												
PF1107-C	T	-----	I	C	N	I	G	K	A	A																																																																																																																																																												
PF1108-C	[K/T]	CV[M/I][N/E][T/K]	[N/I]	R	N	I	G	K	A	A																																																																																																																																																												
PF1110-C	K	CVMNK	N	R	N	I	G	K	A	A																																																																																																																																																												
PF1111-C	K	CVMNK	I	R	N	I	G	K	A	A																																																																																																																																																												
PF1112-C	K	CVMNK	N	R	N	I	G	K	A	A																																																																																																																																																												
PF1113-C	T	-----	I	R	N	I	G	K	A	A																																																																																																																																																												
PF1114-C	K	CVMNK	N	R	N	I	G	K	A	A																																																																																																																																																												
