SampleId	crt_76[K]	crt_72-76[CVMNK]	dhfr_51[N]	dhfr_59[C]	dhfr_108[S]	dhfr_164[I]	dhps_437[G]	dhps_540[K]	dhps_581[A]	dhps_613[A]	k13_class	k13_alleles	cn_mdr1	cn_pm2	cn_gch1	breakpoint_mdr1	breakpoint_pm2	breakpoint_gch1
PM0565-C	T	CVIET	I	R	N	I	G	K	A	A	WT		1.0	1.0	1.0			
PM0566-C	T	CVIET	I	R	N	I	A	K	A	A	WT		1.0	1.0	1.0			
PM0567-C	K	CVMNK	N	C	S	I	G	K	A	A	WT		1.0	1.0	1.0			
PM0568-C	K	CVMNK	I	R	N	I	G,A	K	A	A	WT		1.0	1.0	1.0			
PM0569-C	K	CVMNK	N	C	S	I	A	K	A	A	WT		1.0	1.0	1.0			PfGCH1_dup_3
PM0570-C	K	CVMNK	I	R	N	I	A	K	A	A	WT		1.0	1.0	1.0			
PM0571-C	K	CVMNK	I	R	N	I	A	K	A	A	WT		1.0	1.0	1.0	PfMDR1_dup_19		PfGCH1_DTD_1
PM0572-C	K,T	CVMNK,CVIET	N	C	S	I	A	K	A	A	WT		1.0	1.0	1.0			
PM0573-C	T	CVIET	N	C	S	I	A	K	A	A	WT		1.0	1.0	1.0			
PM0574-C	T	CVIET	N	C	S	I	A	K	A	A	WT		1.0	1.0	1.0			
PM0575-C	K	CVMNK	N,I	C,R	N	I	G	K	A	A	WT		1.0	1.0	1.0			
PM0576-C	T	CVIET	I	R	N	I	A	K	A	A,S	WT		1.0	1.0	1.0			
PM0577-C	K,T	CVMNK,CVIET	N,I	C,R	S,N	I	G,A	K	A	A	WT		1.0	1.0	1.0			PfGCH1_dup_3
PM0578-C	K	CVMNK	I	R	N	I	A	K	A	A	WT		1.0	1.0	1.0			
PM0579-C	K	CVMNK	I	R	N	I	G	K	A	A	WT		1.0	1.0	1.0			
PM0580-C	K,T	CVMNK,CVIET	I	R	N	I	G	K	A	A	WT		1.0	1.0	3.0			PfGCH1_dup_8
PM0581-C	K	CVMNK	N	C	S	I	A	K	A	A	WT		1.0	1.0	1.0			
PM0582-C	K	CVMNK	N	C	S	I	A	K	A	A	WT		1.0	1.0	1.0			
PM0583-C	T	CVIET	I	R	N	I	G	K	A	A	WT		1.0	1.0	1.0			
PM0584-C	T	CVIET	N	C	S	I	G,A	K	A	A	WT		1.0	1.0	1.0			
PM0585-C	K	CVMNK	I	R	N	I	A	K	A	A	WT		1.0	1.0	1.0			
PM0586-C	T	CVIET	I	R	N	I	G	K	A	A	WT		1.0	1.0	1.0			
PM0587-C	K,T	CVMNK,CVIET	N,I	C,R	N	I	G	K	A	A	WT		1.0	1.0	1.0			
PM0588-C	T	CVIET	N	C	S	I	G	K	A	A	WT		1.0	1.0	1.0			
PM0589-C	T	CVIET	N	C	S	I	G	K	A	A	WT		1.0	1.0	1.0			
PM0590-C	T	CVIET	I	R	N	I	G	K	A	A	MU	E596G	1.0	1.0	1.0			
PM0591-C	T	CVIET	I	R	N	I	A	K	A	A	WT		1.0	1.0	1.0			
PM0592-C	T	CVIET	I	R	N	I	G	K	A	A	WT		1.0	1.0	1.0			
PM0593-C	K	CVMNK	N	R	N	I	A	K	A	A	WT		1.0	1.0	1.0			
PM0594-C	K	CVMNK	I	R	N	I	A	K	A	A	WT		1.0	1.0	1.0			
PM0595-C	K	CVMNK	N	R	N	I	A	K	A	A	WT		1.0	1.0	1.0			
PM0596-C	K,T	CVMNK,CVIET	I	R	N	I	A	K	A	A	WT		1.0	1.0	1.0			
PM0597-C	T	CVIET	N	C	S	I	G,A	K	A	A	WT		1.0	1.0	1.0			
PM0598-C	K	CVMNK	N,I	C,R	N	I	G	K	A	A	WT		1.0	1.0	1.0			
PM0599-C	K,T	CVMNK,CVIET	N,I	C,R	S,N	I	G,A	K	A	A	WT		1.0	1.0	1.0			
PM0600-C	T	CVIET	I	R	N	I	G	K	A	A	WT		1.0	1.0	1.0			
PM0601-C	K	CVMNK	I	R	N	I	G	K	A	A	WT		1.0	1.0	1.0			
PM0602-C	K	CVMNK	N	C	S	I	G	K	A	A	WT		1.0	1.0	1.0			
PM0603-C	K	CVMNK	N	R	N	I	G	K	A	A	WT		1.0	1.0	1.0			
PM0604-C	T	CVIET	I	R	N	I	G	K	A	A	WT		1.0	1.0	1.0			
PM0605-C	K	CVMNK	N	C	S	I	A	K	A	A	WT		1.0	1.0	1.0			
PM0606-C	T	CVIET	N	C	S	I	A	K	A	A	WT		1.0	1.0	1.0			
PM0607-C	K	CVMNK	I	R	N	I	G	K	A	A	WT		1.0	1.0	1.0			
PM0608-C	K,T	CVMNK,CVIET	N	C	S	I	A	K	A	A	WT		1.0	1.0	1.0			
PM0609-C	T	CVIET	N	C	S	I	A	K	A	A	WT		1.0	1.0	1.0			
PM0610-C	T	CVIET	I	R	N	I	G	K	A	A	WT		1.0	1.0	1.0			
PM0611-C	K	CVMNK	N,I	R	N	I	A	K	A	A	WT		1.0	1.0	1.0			
PM0612-C	K,T	CVMNK,CVIET	N	R	N	I	A	K	A	A	WT		1.0	1.0	1.0			
PM0613-C	K	CVMNK	I	R	N	I	G	K	A	A	WT		1.0	1.0	1.0			
